id,first_name,last_name,email,gender,ip_address
1,Lisabeth,Trolley,ltrolley0@ebay.com,Female,197.49.249.180
2,Morissa,Faulconer,mfaulconer1@miitbeian.gov.cn,Female,113.68.201.204
3,Sheppard,Kobisch,skobisch2@nih.gov,Male,59.115.27.139
4,Emilie,Forde,eforde3@flavors.me,Female,231.26.16.158
5,Dalli,Harriss,dharriss4@moonfruit.com,Male,220.211.160.246
6,Steffen,Dowsett,sdowsett5@ebay.co.uk,Bigender,210.215.118.133
7,Oralla,Bonfield,obonfield6@miitbeian.gov.cn,Female,173.80.92.241
8,Lola,Hailes,lhailes7@ox.ac.uk,Female,101.237.114.173
9,Letisha,Philbrick,lphilbrick8@bizjournals.com,Female,26.254.116.234
10,Stephannie,Gallymore,sgallymore9@comsenz.com,Female,251.195.162.56
11,Bernie,Smart,bsmarta@tiny.cc,Male,161.208.137.138
12,Gris,Bachura,gbachurab@harvard.edu,Male,135.65.227.50
13,Orton,Clyne,oclynec@spotify.com,Male,182.17.236.225
14,Adolphus,Sipson,asipsond@ifeng.com,Male,223.137.182.16
15,Stanley,MacAdie,smacadiee@wix.com,Male,151.44.188.76
16,Templeton,Whelband,twhelbandf@lycos.com,Male,109.181.211.160
17,Seana,Koppeck,skoppeckg@dot.gov,Female,249.5.67.81
18,Kerk,Tomblings,ktomblingsh@github.com,Male,228.90.111.215
19,Odie,Beaument,obeaumenti@blogs.com,Male,53.23.194.33
20,Colline,Jeavon,cjeavonj@europa.eu,Female,31.172.101.236
21,Konstantin,Vanin,kvanink@umn.edu,Male,247.186.105.39
22,Pietrek,Bahls,pbahlsl@xrea.com,Male,222.141.147.215
23,Drusilla,Cherrington,dcherringtonm@salon.com,Female,116.197.28.189
24,Candis,Gaven,cgavenn@vistaprint.com,Female,94.92.164.103
25,Emanuel,Cranmore,ecranmoreo@studiopress.com,Male,229.204.238.152
26,Clayson,Critchlow,ccritchlowp@reddit.com,Male,221.190.25.209
27,Nils,Townsend,ntownsendq@360.cn,Male,157.95.225.106
28,Consolata,Colleer,ccolleerr@123-reg.co.uk,Female,49.142.71.74
29,Felice,Jonas,fjonass@google.com.br,Female,98.84.200.7
30,Maisie,Goodrum,mgoodrumt@apple.com,Female,107.112.47.249
31,Ilka,Dupree,idupreeu@census.gov,Female,25.198.41.89
32,Margarita,Mullen,mmullenv@engadget.com,Female,69.33.132.46
33,Malynda,Ovill,movillw@ucsd.edu,Female,98.174.202.130
34,Woodman,Pashan,wpashanx@cpanel.net,Male,158.138.61.124
35,Sharron,Dubbin,sdubbiny@jimdo.com,Female,196.74.111.2
36,Kristine,Gonnelly,kgonnellyz@ifeng.com,Female,75.248.69.34
37,Devy,Folbigg,dfolbigg10@elegantthemes.com,Male,131.203.162.91
38,Alvan,Turvey,aturvey11@huffingtonpost.com,Male,191.141.21.1
39,Mahmoud,Sawdy,msawdy12@wsj.com,Male,143.184.37.245
40,Merle,Breslin,mbreslin13@bravesites.com,Genderqueer,120.57.156.236
41,Bernita,Mahmood,bmahmood14@prlog.org,Female,129.112.66.176
42,Hamish,Curlis,hcurlis15@tmall.com,Male,30.54.77.112
43,Nollie,Custed,ncusted16@mediafire.com,Male,236.134.1.98
44,Lorne,Wilce,lwilce17@businesswire.com,Male,179.107.246.3
45,Brittani,Abbado,babbado18@cam.ac.uk,Female,101.151.102.138
46,Philippa,Beverage,pbeverage19@eventbrite.com,Female,14.41.42.219
47,Holmes,Crambie,hcrambie1a@indiatimes.com,Male,75.64.106.64
48,Riane,Pawle,rpawle1b@examiner.com,Female,5.94.239.71
49,Brandtr,Dur,bdur1c@diigo.com,Male,216.190.34.59
50,Stirling,Werrit,swerrit1d@biblegateway.com,Male,6.12.164.1
51,Melissa,Iglesiaz,miglesiaz1e@auda.org.au,Female,119.55.147.22
52,Karalynn,Palke,kpalke1f@vkontakte.ru,Female,227.130.213.29
53,Clyve,Iltchev,ciltchev1g@fastcompany.com,Male,12.31.17.21
54,Leontine,Kringe,lkringe1h@pinterest.com,Female,218.203.236.151
55,Auguste,Creber,acreber1i@nhs.uk,Female,219.171.9.198
56,Carline,Millar,cmillar1j@reference.com,Female,242.139.68.200
57,Ashia,Mufford,amufford1k@omniture.com,Female,15.99.118.246
58,Chancey,Ayers,cayers1l@jigsy.com,Male,71.133.103.226
59,Worthington,Darnell,wdarnell1m@google.com.hk,Male,8.142.105.243
60,Tonye,Duham,tduham1n@nhs.uk,Non-binary,52.26.201.182
61,Dorrie,Batters,dbatters1o@soundcloud.com,Non-binary,114.229.90.141
62,Bernhard,Muris,bmuris1p@admin.ch,Male,162.126.195.73
63,Anet,Wicher,awicher1q@cocolog-nifty.com,Female,178.95.57.183
64,Giuseppe,Colbourne,gcolbourne1r@ebay.co.uk,Male,45.118.21.189
65,Ynez,Hrus,yhrus1s@whitehouse.gov,Female,164.59.29.28
66,Hervey,Meth,hmeth1t@cafepress.com,Male,205.23.175.95
67,Bogart,Butt,bbutt1u@ustream.tv,Male,84.94.145.124
68,Ignatius,Joselevitch,ijoselevitch1v@free.fr,Male,54.33.106.128
69,Pietra,Dymocke,pdymocke1w@ibm.com,Female,14.179.224.172
70,Jermaine,Aldersley,jaldersley1x@dailymail.co.uk,Agender,202.110.50.25
71,Nehemiah,Vondrach,nvondrach1y@google.ru,Male,254.199.225.16
72,Elliott,Dryburgh,edryburgh1z@google.fr,Male,111.117.141.139
73,Pascale,Brazear,pbrazear20@ustream.tv,Male,138.38.29.247
74,Chaunce,Clorley,cclorley21@g.co,Male,255.170.222.133
75,Gussie,Copping,gcopping22@360.cn,Female,134.9.112.113
76,Alejoa,Pinar,apinar23@toplist.cz,Male,199.123.253.147
77,Frank,Van der Linde,fvanderlinde24@yellowbook.com,Female,29.124.44.148
78,Karel,Simonsson,ksimonsson25@ovh.net,Male,129.61.79.221
79,Helaina,Moat,hmoat26@cpanel.net,Female,127.106.236.45
80,Ardenia,Blaxton,ablaxton27@issuu.com,Female,56.8.107.64
81,Kevon,Denley,kdenley28@trellian.com,Male,40.115.186.192
82,Janessa,Taylder,jtaylder29@barnesandnoble.com,Female,83.6.154.138
83,Isahella,Houtby,ihoutby2a@youtu.be,Female,215.155.33.253
84,Mellisent,Hasell,mhasell2b@fc2.com,Female,213.204.237.4
85,North,Caff,ncaff2c@xing.com,Male,29.61.130.193
86,Hasheem,Burghill,hburghill2d@timesonline.co.uk,Male,119.106.56.56
87,Aviva,Farndale,afarndale2e@mac.com,Female,18.160.57.137
88,Viv,Shovlin,vshovlin2f@odnoklassniki.ru,Female,162.32.130.46
89,Lorna,Bjerkan,lbjerkan2g@soup.io,Female,220.21.151.19
90,Alvira,Tchir,atchir2h@irs.gov,Female,78.6.47.38
91,Broddy,Wasbey,bwasbey2i@oakley.com,Male,44.78.18.231
92,Brant,Guillon,bguillon2j@yandex.ru,Male,238.138.102.232
93,Laurens,Ree,lree2k@economist.com,Male,88.157.176.75
94,Davin,McElwee,dmcelwee2l@nyu.edu,Male,45.164.82.192
95,Pryce,Arnefield,parnefield2m@engadget.com,Genderfluid,142.202.255.189
96,Arvin,Domenico,adomenico2n@vinaora.com,Agender,194.114.48.247
97,Murry,Vernon,mvernon2o@hibu.com,Male,179.48.64.161
98,Gwyn,Cleynman,gcleynman2p@theguardian.com,Female,61.3.150.239
99,Almeria,Solleme,asolleme2q@spiegel.de,Agender,134.124.75.123
100,Hedi,Ullyatt,hullyatt2r@geocities.com,Female,212.32.198.146
101,Clair,Tomkowicz,ctomkowicz2s@privacy.gov.au,Male,38.142.48.174
102,Romonda,Pawelski,rpawelski2t@linkedin.com,Female,203.123.204.72
103,Marius,Pettersen,mpettersen2u@phpbb.com,Male,148.198.141.33
104,Davon,Gatch,dgatch2v@trellian.com,Male,102.254.67.127
105,Marshal,Mulvin,mmulvin2w@mlb.com,Male,149.151.240.110
106,Aggie,Shoebridge,ashoebridge2x@wunderground.com,Female,12.241.191.121
107,Jordana,MacSkeagan,jmacskeagan2y@ezinearticles.com,Female,72.73.36.163
108,Lu,Crosier,lcrosier2z@jiathis.com,Agender,31.29.184.41
109,Rivkah,Barwick,rbarwick30@cargocollective.com,Female,59.184.200.8
110,Shurlocke,Blaycock,sblaycock31@sun.com,Male,63.169.180.98
111,Dionne,MacCole,dmaccole32@joomla.org,Female,128.210.98.46
112,Ignacius,Milmoe,imilmoe33@printfriendly.com,Male,83.138.11.182
113,Park,Eberst,peberst34@newyorker.com,Polygender,237.200.19.52
114,George,Flett,gflett35@1688.com,Female,52.58.121.160
115,Tamera,Glasman,tglasman36@scribd.com,Female,117.231.245.253
116,Dorise,Litt,dlitt37@nature.com,Bigender,148.47.234.225
117,Bealle,Stubbley,bstubbley38@ca.gov,Male,213.139.39.116
118,Wilhelm,Isselee,wisselee39@nhs.uk,Male,36.193.117.35
119,Cori,Jelf,cjelf3a@archive.org,Male,146.97.223.255
120,Cirillo,Weldon,cweldon3b@businesswire.com,Male,215.21.14.142
121,Stella,Tupp,stupp3c@blogs.com,Female,102.226.72.240
122,Cilka,Tincombe,ctincombe3d@booking.com,Genderqueer,67.234.215.56
123,Deanna,Bamling,dbamling3e@baidu.com,Female,150.138.159.15
124,Marcile,Cyseley,mcyseley3f@usatoday.com,Female,184.13.110.174
125,Elladine,Cootes,ecootes3g@ibm.com,Female,229.150.249.218
126,Jeramie,Matteini,jmatteini3h@addtoany.com,Male,96.169.124.49
127,Nissy,Tesche,ntesche3i@ihg.com,Genderfluid,201.235.27.240
128,Rockie,Kayley,rkayley3j@pagesperso-orange.fr,Male,24.242.191.96
129,Giraldo,Smaile,gsmaile3k@zimbio.com,Male,19.223.98.160
130,Dell,Ciani,dciani3l@wp.com,Non-binary,124.231.126.70
131,Claus,Agar,cagar3m@angelfire.com,Male,109.113.5.34
132,Lew,Lindsell,llindsell3n@virginia.edu,Male,197.33.19.149
133,Tori,Davidavidovics,tdavidavidovics3o@devhub.com,Female,45.251.177.103
134,Ynez,Giacovetti,ygiacovetti3p@howstuffworks.com,Genderqueer,8.77.133.191
135,Brandy,Tournay,btournay3q@opensource.org,Male,208.187.133.198
136,Venus,Dun,vdun3r@pbs.org,Female,208.95.222.185
137,Alix,Dicte,adicte3s@oracle.com,Male,186.192.140.225
138,Inga,Deboick,ideboick3t@g.co,Female,78.47.223.142
139,Timofei,Armatage,tarmatage3u@clickbank.net,Male,213.145.54.139
140,Kirsten,Frayling,kfrayling3v@opera.com,Female,133.86.180.24
141,Kristen,Blague,kblague3w@usnews.com,Genderfluid,238.181.55.173
142,Teddy,Lamberti,tlamberti3x@bbb.org,Female,67.162.135.106
143,Teddie,Blowen,tblowen3y@mit.edu,Male,20.225.84.138
144,Yorker,Argabrite,yargabrite3z@instagram.com,Agender,170.195.140.132
145,Randie,Butteris,rbutteris40@dell.com,Bigender,156.130.89.45
146,Margery,Magovern,mmagovern41@cpanel.net,Female,150.11.166.46
147,Vlad,Bathowe,vbathowe42@mapquest.com,Male,252.197.225.171
148,Maris,Mathwen,mmathwen43@dyndns.org,Female,159.128.231.92
149,Madge,Bompass,mbompass44@naver.com,Polygender,0.202.33.23
150,Colby,Neiland,cneiland45@thetimes.co.uk,Male,213.228.122.231
151,Arther,Blazevic,ablazevic46@who.int,Male,186.144.197.73
152,Kass,Tommen,ktommen47@wordpress.com,Genderfluid,148.205.94.2
153,Allsun,Synnott,asynnott48@google.cn,Female,19.190.185.83
154,Garvey,Shakespear,gshakespear49@multiply.com,Male,48.49.100.122
155,Wallie,Waddicor,wwaddicor4a@imdb.com,Male,173.77.255.44
156,Filip,Martin,fmartin4b@google.ru,Male,11.141.132.60
157,Duane,Dowdle,ddowdle4c@cnbc.com,Male,4.57.210.95
158,Monti,Quiney,mquiney4d@etsy.com,Male,109.126.243.20
159,Meryl,Gallagher,mgallagher4e@ovh.net,Male,100.119.75.188
160,Ashlee,Ricard,aricard4f@thetimes.co.uk,Female,14.31.247.3
161,Kaine,Morling,kmorling4g@omniture.com,Male,35.8.181.3
162,Chicky,Mattacks,cmattacks4h@smugmug.com,Female,226.228.34.206
163,Homerus,Mulhall,hmulhall4i@ed.gov,Male,192.210.170.131
164,Monti,Hubery,mhubery4j@jiathis.com,Male,127.36.195.12
165,Evaleen,Kimmons,ekimmons4k@drupal.org,Female,203.41.50.141
166,Bernadette,Deval,bdeval4l@columbia.edu,Female,55.130.164.76
167,Adina,Mulvaney,amulvaney4m@bizjournals.com,Female,41.177.124.138
168,Cristina,Andre,candre4n@quantcast.com,Female,22.176.198.123
169,Matthieu,McLaren,mmclaren4o@sun.com,Male,193.248.112.157
170,Corny,Marcoolyn,cmarcoolyn4p@oakley.com,Male,49.81.159.233
171,Poul,McClay,pmcclay4q@usgs.gov,Male,66.216.160.236
172,Alyda,Pasquale,apasquale4r@state.gov,Female,10.179.39.141
173,George,Bullen,gbullen4s@ezinearticles.com,Male,100.119.48.198
174,Kennedy,Camocke,kcamocke4t@sbwire.com,Male,240.83.223.77
175,Ros,Spilling,rspilling4u@hibu.com,Female,122.45.109.117
176,Vivianne,Kennally,vkennally4v@bing.com,Female,224.235.40.219
177,Naomi,Domelaw,ndomelaw4w@sciencedaily.com,Genderqueer,160.128.99.79
178,Darnell,Gawith,dgawith4x@wikia.com,Male,165.254.101.196
179,Zacharias,Bohling,zbohling4y@comcast.net,Male,72.201.225.64
180,Mario,Rowan,mrowan4z@sphinn.com,Male,22.137.125.202
181,Liva,Shelf,lshelf50@admin.ch,Female,80.4.176.62
182,Wilbur,Abrahm,wabrahm51@naver.com,Male,89.63.218.54
183,Jessee,Gathercoal,jgathercoal52@paypal.com,Male,246.70.187.154
184,Cristobal,Ault,cault53@prnewswire.com,Male,96.57.230.154
185,Carina,Britto,cbritto54@slashdot.org,Female,30.3.31.94
186,Calhoun,Lejeune,clejeune55@blogspot.com,Male,136.9.19.168
187,Samuel,Crittal,scrittal56@state.gov,Male,240.140.53.247
188,Jasun,Sheaber,jsheaber57@istockphoto.com,Male,232.252.56.132
189,Claudian,Stidever,cstidever58@shop-pro.jp,Male,167.194.239.179
190,Cary,Nelmes,cnelmes59@t.co,Female,220.213.202.124
191,Brannon,Cassell,bcassell5a@wordpress.org,Male,124.253.27.81
192,Ora,Beert,obeert5b@bloglovin.com,Female,98.0.192.78
193,Anya,Domke,adomke5c@mozilla.org,Female,127.214.234.152
194,Ethe,Ramm,eramm5d@people.com.cn,Male,252.247.247.141
195,Evyn,Lere,elere5e@wired.com,Male,16.86.247.176
196,Addi,Blewis,ablewis5f@symantec.com,Female,246.191.164.51
197,Jarrad,Donoher,jdonoher5g@biglobe.ne.jp,Male,159.155.122.116
198,Bertine,MacGuffie,bmacguffie5h@unicef.org,Female,169.183.98.194
199,Eryn,Allwell,eallwell5i@fastcompany.com,Genderqueer,190.185.195.238
200,Iris,Carty,icarty5j@parallels.com,Female,244.25.48.83
201,Aggy,Gladtbach,agladtbach5k@so-net.ne.jp,Female,119.70.240.2
202,Davis,Noorwood,dnoorwood5l@wisc.edu,Male,53.101.189.215
203,Jasmin,Gutridge,jgutridge5m@tuttocitta.it,Female,6.236.65.246
204,Alaine,Eborall,aeborall5n@cmu.edu,Female,236.27.198.73
205,Zebedee,Englefield,zenglefield5o@trellian.com,Male,67.132.72.104
206,Tadd,Rojas,trojas5p@wordpress.org,Male,134.100.94.61
207,Marlo,Joselin,mjoselin5q@mayoclinic.com,Male,2.7.148.179
208,Dalia,Sustin,dsustin5r@cmu.edu,Female,17.224.90.136
209,Terza,Starkings,tstarkings5s@ifeng.com,Female,206.243.119.21
210,Claiborn,Maggill'Andreis,cmaggillandreis5t@t.co,Male,9.15.37.130
211,Mahalia,Egdell,megdell5u@cbc.ca,Female,205.171.82.189
212,Luke,Morales,lmorales5v@mac.com,Male,169.77.2.167
213,Jody,Millar,jmillar5w@yelp.com,Female,230.162.232.69
214,Licha,Note,lnote5x@comsenz.com,Female,196.130.100.85
215,Marcus,Sehorsch,msehorsch5y@mapy.cz,Male,58.104.211.176
216,Umeko,Laphorn,ulaphorn5z@nydailynews.com,Female,236.22.69.123
217,Pammie,Furniss,pfurniss60@patch.com,Female,171.45.204.109
218,Halley,Snarie,hsnarie61@domainmarket.com,Female,145.47.25.50
219,Cathe,McAndrew,cmcandrew62@1688.com,Female,108.132.3.150
220,Erny,Purcell,epurcell63@rediff.com,Male,159.150.174.138
221,Berti,Watterson,bwatterson64@friendfeed.com,Male,35.128.4.4
222,Theodor,Snoday,tsnoday65@hhs.gov,Male,155.181.168.107
223,Courtney,Garbutt,cgarbutt66@free.fr,Female,128.239.215.18
224,Gwenora,Dacombe,gdacombe67@paypal.com,Female,82.126.41.242
225,Gwyneth,Enterle,genterle68@blogs.com,Female,40.126.146.21
226,Deane,Mallison,dmallison69@census.gov,Male,135.139.210.140
227,Alexi,Hannigane,ahannigane6a@indiatimes.com,Female,103.234.234.11
228,Jareb,Swane,jswane6b@illinois.edu,Male,67.4.171.90
229,Brandy,Hamments,bhamments6c@facebook.com,Female,144.137.12.170
230,Alleyn,Martusov,amartusov6d@comcast.net,Polygender,44.28.166.123
231,Ulrike,Alven,ualven6e@mit.edu,Genderqueer,90.105.167.29
232,Dreddy,Bernardes,dbernardes6f@cbslocal.com,Female,234.237.137.206
233,Dom,Burkinshaw,dburkinshaw6g@ezinearticles.com,Male,213.188.139.138
234,Adolphus,Maxwaile,amaxwaile6h@springer.com,Male,79.75.223.196
235,Skippy,Childe,schilde6i@imdb.com,Male,111.183.176.231
236,Coleman,Hogben,chogben6j@amazon.com,Male,217.85.129.125
237,Prue,Binner,pbinner6k@elegantthemes.com,Female,240.160.111.223
238,Thayne,Tarney,ttarney6l@studiopress.com,Male,50.109.32.208
239,Andrei,O'Gleasane,aogleasane6m@disqus.com,Female,47.215.50.166
240,Amabelle,Chisolm,achisolm6n@noaa.gov,Female,8.211.53.94
241,Carroll,Raft,craft6o@ed.gov,Male,105.27.42.192
242,Cale,Bohman,cbohman6p@imdb.com,Male,81.253.195.247
243,Celene,Beatty,cbeatty6q@army.mil,Female,28.185.12.182
244,Bran,Spriggs,bspriggs6r@google.nl,Male,93.100.39.145
245,Lorenzo,Abeles,labeles6s@omniture.com,Male,109.139.227.14
246,Denny,Canas,dcanas6t@engadget.com,Male,48.237.171.116
247,Kathrine,Rubanenko,krubanenko6u@rambler.ru,Female,60.140.169.245
248,Holly,McGrann,hmcgrann6v@japanpost.jp,Male,181.183.128.209
249,Nester,Redrup,nredrup6w@reuters.com,Bigender,148.255.172.173
250,Arv,Bleakley,ableakley6x@desdev.cn,Male,158.128.0.36
251,Lee,Doreward,ldoreward6y@dmoz.org,Male,53.95.80.153
252,Salim,Schmidt,sschmidt6z@csmonitor.com,Polygender,187.174.40.101
253,Julie,Dayborne,jdayborne70@vimeo.com,Male,152.186.33.20
254,Seumas,Priscott,spriscott71@alibaba.com,Male,127.162.20.206
255,Sallyanne,Barthod,sbarthod72@angelfire.com,Female,127.48.170.45
256,Mord,Lark,mlark73@economist.com,Male,232.244.116.47
257,Davita,Burleton,dburleton74@godaddy.com,Female,104.237.179.103
258,Abbey,Avery,aavery75@bluehost.com,Female,30.57.13.84
259,Alastair,Corrington,acorrington76@mlb.com,Male,59.137.84.82
260,Selestina,Navaro,snavaro77@toplist.cz,Female,185.166.233.71
261,Leroy,Clavey,lclavey78@hatena.ne.jp,Male,92.139.111.54
262,Heindrick,Schimek,hschimek79@hubpages.com,Male,251.187.211.114
263,Cal,Chipps,cchipps7a@gravatar.com,Male,59.242.187.236
264,Hurley,Kalinovich,hkalinovich7b@tinyurl.com,Genderfluid,123.55.234.52
265,Vera,Ruffler,vruffler7c@prnewswire.com,Non-binary,249.70.230.36
266,Bert,Rounce,brounce7d@goodreads.com,Male,223.103.0.52
267,Matthus,Daviot,mdaviot7e@house.gov,Male,225.217.85.66
268,Mamie,Cowlishaw,mcowlishaw7f@taobao.com,Female,30.118.105.115
269,Sybille,Neasam,sneasam7g@google.ru,Female,67.89.134.135
270,Tova,Jennaroy,tjennaroy7h@sogou.com,Female,212.19.254.164
271,Lucina,Robet,lrobet7i@amazonaws.com,Female,107.219.128.215
272,Meghan,Kitchingman,mkitchingman7j@harvard.edu,Female,18.233.115.201
273,Kele,Bulford,kbulford7k@slashdot.org,Male,216.192.76.66
274,Ephrayim,Stickney,estickney7l@ehow.com,Male,25.174.135.51
275,Denna,Loveitt,dloveitt7m@tinyurl.com,Female,238.194.104.221
276,Hendrik,Debnam,hdebnam7n@nifty.com,Male,175.1.167.225
277,Lucinda,Wearing,lwearing7o@forbes.com,Female,99.118.247.226
278,Lillis,Gullberg,lgullberg7p@hugedomains.com,Female,121.222.115.18
279,Ring,Stonestreet,rstonestreet7q@constantcontact.com,Male,125.5.6.128
280,Brigida,Daines,bdaines7r@livejournal.com,Female,25.129.222.48
281,Mitzi,Serraillier,mserraillier7s@macromedia.com,Polygender,23.184.118.231
282,Monti,Roostan,mroostan7t@bloomberg.com,Male,196.33.41.52
283,Tony,Duck,tduck7u@live.com,Male,127.82.147.86
284,Jerad,Merrill,jmerrill7v@livejournal.com,Male,86.156.193.37
285,Prentice,Geist,pgeist7w@xing.com,Male,137.201.164.250
286,Brunhilda,Karpol,bkarpol7x@last.fm,Bigender,95.60.232.118
287,Nanon,Phillcox,nphillcox7y@latimes.com,Female,149.49.20.30
288,Justino,Boulstridge,jboulstridge7z@answers.com,Male,152.123.41.179
289,Carin,Hubbis,chubbis80@google.co.jp,Female,153.208.15.60
290,Yoshiko,Sitford,ysitford81@loc.gov,Female,237.108.67.66
291,Lanna,Lombardo,llombardo82@dropbox.com,Bigender,160.226.162.224
292,Niels,Cars,ncars83@163.com,Male,49.188.218.204
293,Langsdon,Guntrip,lguntrip84@github.io,Male,112.221.175.161
294,Kirby,Scriver,kscriver85@msn.com,Male,64.107.173.196
295,Haley,Aynsley,haynsley86@amazon.de,Male,51.79.0.139
296,Abigael,Sagg,asagg87@4shared.com,Female,113.200.127.126
297,Marielle,Hallad,mhallad88@fastcompany.com,Female,189.149.96.84
298,Berke,Salvage,bsalvage89@theguardian.com,Male,16.176.105.18
299,Lydon,Feeley,lfeeley8a@exblog.jp,Male,0.11.255.39
300,Selestina,Eisig,seisig8b@mtv.com,Female,219.251.180.108
301,Bendite,Clamp,bclamp8c@sphinn.com,Female,183.81.47.113
302,Chan,Durnian,cdurnian8d@parallels.com,Male,186.27.37.34
303,Aura,Garroch,agarroch8e@arstechnica.com,Genderfluid,241.144.193.118
304,Rutter,Mc-Kerley,rmckerley8f@cnn.com,Male,235.221.152.50
305,Dylan,Woodger,dwoodger8g@nbcnews.com,Male,81.251.135.146
306,Daphne,Guyer,dguyer8h@mozilla.org,Female,241.21.165.39
307,Marcos,Bichard,mbichard8i@amazon.co.uk,Male,227.128.170.213
308,Allyn,Coot,acoot8j@lycos.com,Female,68.204.220.62
309,Aleta,Highman,ahighman8k@japanpost.jp,Female,49.109.205.163
310,Saxe,Hyam,shyam8l@com.com,Male,187.46.117.71
311,Barbe,Cherryman,bcherryman8m@imageshack.us,Female,182.240.194.107
312,Pavlov,Steanyng,psteanyng8n@spiegel.de,Male,27.185.24.187
313,Gill,Weatherill,gweatherill8o@stanford.edu,Female,249.16.39.204
314,Rad,Stoppard,rstoppard8p@gnu.org,Male,212.168.47.177
315,Almeta,Siseland,asiseland8q@businesswire.com,Genderfluid,252.244.245.221
316,Ofella,Sawnwy,osawnwy8r@qq.com,Female,223.13.156.238
317,Luigi,Kincade,lkincade8s@icq.com,Male,185.19.9.44
318,Johnathon,Riggott,jriggott8t@biblegateway.com,Male,123.58.70.111
319,Janelle,Blanchet,jblanchet8u@who.int,Female,100.96.17.242
320,Michell,Dishman,mdishman8v@newsvine.com,Female,211.129.37.59
321,Borg,Riccardini,briccardini8w@geocities.jp,Male,162.24.131.61
322,Tyne,Poznan,tpoznan8x@weibo.com,Female,169.153.39.190
323,Camala,Rosenzwig,crosenzwig8y@microsoft.com,Female,76.86.171.83
324,Lizette,Caldwall,lcaldwall8z@geocities.com,Female,10.201.141.17
325,Engracia,Wooddisse,ewooddisse90@mlb.com,Female,126.167.146.114
326,Delmer,Landell,dlandell91@adobe.com,Male,251.112.220.201
327,Jeanne,Porkiss,jporkiss92@ovh.net,Female,218.14.99.144
328,Paola,Mulford,pmulford93@marriott.com,Female,214.233.233.162
329,Babbette,Kopfer,bkopfer94@hugedomains.com,Female,99.45.17.76
330,Jose,Massow,jmassow95@bluehost.com,Male,142.22.65.6
331,Joyce,Raatz,jraatz96@scribd.com,Female,17.180.180.35
332,Falito,Toplin,ftoplin97@bbb.org,Male,202.241.184.72
333,Steward,Odgers,sodgers98@seesaa.net,Male,7.28.98.49
334,Michaeline,Kempton,mkempton99@webmd.com,Female,242.52.136.81
335,Carson,Figgen,cfiggen9a@blogger.com,Male,37.56.30.86
336,Ilka,Wrathmall,iwrathmall9b@salon.com,Female,167.189.2.142
337,Martie,Bourne,mbourne9c@cdc.gov,Male,143.96.211.100
338,Joice,Spiller,jspiller9d@blinklist.com,Female,90.89.199.183
339,Glenn,Boustred,gboustred9e@businessinsider.com,Male,249.79.79.231
340,Haily,Axtonne,haxtonne9f@freewebs.com,Female,109.253.225.175
341,Gena,Bus,gbus9g@abc.net.au,Female,224.148.18.246
342,Jacky,Robinette,jrobinette9h@washingtonpost.com,Male,14.235.142.33
343,Reagan,Hasling,rhasling9i@bluehost.com,Male,225.191.55.204
344,Petunia,Brecher,pbrecher9j@macromedia.com,Female,242.199.100.183
345,Marthe,Peetermann,mpeetermann9k@woothemes.com,Female,28.181.250.148
346,Bettine,Legan,blegan9l@seattletimes.com,Female,188.205.49.249
347,Osgood,Wagstaffe,owagstaffe9m@comcast.net,Male,199.239.188.146
348,Wren,Ginnally,wginnally9n@ovh.net,Female,12.72.134.140
349,Brina,Prinne,bprinne9o@technorati.com,Female,171.173.241.207
350,Berk,Driffield,bdriffield9p@intel.com,Male,0.179.120.151
351,Lorry,Harteley,lharteley9q@census.gov,Male,34.11.101.120
352,Oren,Lesek,olesek9r@weebly.com,Male,157.86.87.135
353,Ardyth,Hardeman,ahardeman9s@about.com,Female,224.145.167.22
354,Ky,Honnan,khonnan9t@linkedin.com,Male,89.163.75.176
355,Lenka,Baumadier,lbaumadier9u@bizjournals.com,Female,149.86.114.204
356,Aristotle,Fines,afines9v@abc.net.au,Male,196.87.206.252
357,Jaymie,Faint,jfaint9w@sakura.ne.jp,Male,238.84.147.20
358,Erminia,Rubin,erubin9x@berkeley.edu,Female,222.42.192.95
359,Perla,Ferroli,pferroli9y@who.int,Female,49.174.216.179
360,Rikki,Blatchford,rblatchford9z@fda.gov,Female,8.79.150.227
361,Arv,Pergens,apergensa0@omniture.com,Male,98.198.78.209
362,Lucina,Inder,lindera1@feedburner.com,Female,121.222.64.14
363,Larina,Peyto,lpeytoa2@theguardian.com,Female,121.65.62.29
364,Sharyl,Ropars,sroparsa3@boston.com,Female,107.5.175.56
365,Napoleon,Odo,nodoa4@pcworld.com,Male,67.65.167.70
366,Eadith,Reddish,ereddisha5@loc.gov,Female,8.109.245.222
367,Rennie,Boosey,rbooseya6@msu.edu,Genderfluid,59.34.196.210
368,Steven,Scartifield,sscartifielda7@imdb.com,Male,172.3.14.57
369,Zonda,Jervis,zjervisa8@va.gov,Genderfluid,121.106.126.116
370,Alonzo,Kinmond,akinmonda9@blogtalkradio.com,Male,182.132.232.35
371,Bryce,Castles,bcastlesaa@lulu.com,Male,155.252.65.131
372,Kerrin,Clarabut,kclarabutab@dell.com,Female,101.255.174.7
373,Marylynne,Jerke,mjerkeac@ed.gov,Female,167.224.228.228
374,Reinold,Balsdon,rbalsdonad@delicious.com,Male,70.121.100.134
375,Rana,Attwooll,rattwoollae@virginia.edu,Female,8.83.107.183
376,Lenore,Culleton,lculletonaf@nifty.com,Female,241.115.147.12
377,Pierce,Blumsom,pblumsomag@umn.edu,Male,83.82.240.98
378,Katherina,Rennicks,krennicksah@prweb.com,Non-binary,255.154.204.169
379,Dorothee,Seebright,dseebrightai@stanford.edu,Female,123.239.183.131
380,Vladimir,Louche,vloucheaj@utexas.edu,Male,29.11.98.53
381,Carrissa,Verecker,cvereckerak@sciencedirect.com,Genderfluid,25.146.223.28
382,Sam,Doone,sdooneal@ameblo.jp,Male,252.72.22.164
383,Susana,Yell,syellam@imdb.com,Female,194.173.137.183
384,Xerxes,MacFayden,xmacfaydenan@cam.ac.uk,Male,72.121.61.218
385,Irwinn,Brigge,ibriggeao@cyberchimps.com,Male,207.164.254.5
386,Robinet,Tommasi,rtommasiap@dagondesign.com,Polygender,192.162.114.231
387,Collie,Benbough,cbenboughaq@berkeley.edu,Female,43.213.133.221
388,Sarine,Broszkiewicz,sbroszkiewiczar@theglobeandmail.com,Female,87.175.39.222
389,Ranna,Goadsby,rgoadsbyas@stanford.edu,Female,217.70.113.114
390,Roley,Burditt,rburdittat@sciencedirect.com,Male,204.206.54.181
391,Herb,Menhci,hmenhciau@jimdo.com,Male,247.8.197.58
392,Liam,McQuorkel,lmcquorkelav@earthlink.net,Polygender,11.88.61.126
393,Nikkie,Derr,nderraw@cocolog-nifty.com,Female,12.24.196.134
394,Mignon,Ilyuchyov,milyuchyovax@engadget.com,Female,119.115.78.88
395,Eada,Elkin,eelkinay@skype.com,Female,96.58.122.183
396,Brook,Lockey,blockeyaz@google.pl,Female,77.198.136.210
397,Lynn,Leander,lleanderb0@mail.ru,Female,100.49.85.90
398,Tania,Hovert,thovertb1@google.cn,Female,10.190.216.245
399,Alvina,Allibon,aallibonb2@berkeley.edu,Female,57.153.135.30
400,Davin,Drews,ddrewsb3@wordpress.com,Male,42.213.205.167
401,Elspeth,Count,ecountb4@theguardian.com,Female,200.89.3.215
402,Lek,McGeaney,lmcgeaneyb5@msu.edu,Male,157.70.9.105
403,Krystle,Brimblecombe,kbrimblecombeb6@timesonline.co.uk,Female,4.225.118.159
404,Hurlee,Melia,hmeliab7@arizona.edu,Male,162.115.125.129
405,Quinlan,Skeete,qskeeteb8@cam.ac.uk,Male,151.249.232.128
406,Margaret,Dorber,mdorberb9@google.com.au,Female,96.18.254.196
407,Abbott,Guido,aguidoba@blogspot.com,Male,238.245.101.83
408,Bellanca,Mattersey,bmatterseybb@homestead.com,Female,255.66.94.144
409,Consolata,Beidebeke,cbeidebekebc@sfgate.com,Female,55.132.30.255
410,Ulrika,Este,uestebd@hubpages.com,Female,163.204.227.186
411,Betteanne,Tulloch,btullochbe@netscape.com,Female,142.210.9.97
412,Myer,Micklewicz,mmicklewiczbf@about.com,Male,32.119.183.219
413,Trey,Hastler,thastlerbg@oracle.com,Male,14.181.124.249
414,Floris,Rosa,frosabh@noaa.gov,Female,250.220.18.198
415,Thedrick,Strangwood,tstrangwoodbi@bizjournals.com,Male,154.73.46.242
416,Udale,O'Connell,uoconnellbj@java.com,Male,199.160.171.157
417,Fulvia,Rottery,frotterybk@ucoz.com,Female,220.226.127.235
418,Munmro,Albrecht,malbrechtbl@auda.org.au,Male,149.1.58.207
419,Eustacia,Paul,epaulbm@mediafire.com,Female,94.193.59.121
420,Evangelin,Lissemore,elissemorebn@cargocollective.com,Female,156.120.67.50
421,Noam,Hitzschke,nhitzschkebo@feedburner.com,Male,201.193.79.106
422,Maison,Rosewarne,mrosewarnebp@geocities.com,Male,137.112.201.209
423,Celeste,Carrigan,ccarriganbq@unc.edu,Female,73.116.54.58
424,Ramon,Alleburton,ralleburtonbr@cpanel.net,Male,23.211.31.95
425,Kristal,McTrustrie,kmctrustriebs@linkedin.com,Female,38.49.134.125
426,Rivkah,Pea,rpeabt@photobucket.com,Female,121.97.144.243
427,Henrie,Lettice,hletticebu@exblog.jp,Female,85.1.121.192
428,Beau,Skillett,bskillettbv@behance.net,Male,4.117.205.28
429,Urban,McQuarter,umcquarterbw@wunderground.com,Male,191.55.225.116
430,Jacklin,Fattori,jfattoribx@fastcompany.com,Female,92.242.133.103
431,Edin,Robinett,erobinettby@usnews.com,Female,31.201.1.61
432,Jackquelin,Longhi,jlonghibz@plala.or.jp,Female,48.203.3.210
433,Lu,Claeskens,lclaeskensc0@mediafire.com,Genderfluid,9.175.65.207
434,Veronike,Manterfield,vmanterfieldc1@nymag.com,Female,225.44.242.180
435,Mickey,Aughton,maughtonc2@fastcompany.com,Male,93.167.203.43
436,Wynny,Tree,wtreec3@webmd.com,Female,117.94.176.0
437,Gael,Gooderidge,ggooderidgec4@behance.net,Female,108.18.152.230
438,Jaquelyn,James,jjamesc5@smh.com.au,Female,198.187.70.220
439,Doug,Gibbeson,dgibbesonc6@wp.com,Male,82.116.72.91
440,Anna-maria,Inwood,ainwoodc7@cloudflare.com,Female,79.14.195.103
441,Vyky,Dubock,vdubockc8@xrea.com,Female,47.49.120.82
442,Cornie,Pareman,cparemanc9@wsj.com,Female,242.163.216.100
443,Suzi,Yokley,syokleyca@mit.edu,Female,103.79.179.246
444,Reade,Edwin,redwincb@plala.or.jp,Male,114.249.91.250
445,Erhard,Reyne,ereynecc@51.la,Male,174.77.162.124
446,Shanan,Knappen,sknappencd@imageshack.us,Male,182.74.129.156
447,Giulietta,Annand,gannandce@ovh.net,Female,133.40.29.231
448,Weylin,Gratland,wgratlandcf@google.co.uk,Male,32.227.11.167
449,Myrtie,Ribou,mriboucg@prnewswire.com,Female,35.208.26.62
450,Olag,Usmar,ousmarch@cmu.edu,Male,15.60.71.117
451,Michail,Emlen,memlenci@blinklist.com,Male,223.31.233.3
452,Ilysa,Milillo,imilillocj@comcast.net,Genderqueer,231.5.42.155
453,Maxim,Cristofalo,mcristofalock@guardian.co.uk,Male,130.179.250.121
454,Margi,Gontier,mgontiercl@cargocollective.com,Female,231.179.52.229
455,Dennet,Kilner,dkilnercm@berkeley.edu,Male,50.236.198.92
456,Darn,Von Hindenburg,dvonhindenburgcn@istockphoto.com,Male,24.170.88.173
457,Antonetta,Loader,aloaderco@dailymotion.com,Female,35.18.14.29
458,Wilbert,Hinksen,whinksencp@examiner.com,Male,69.235.206.226
459,Prudy,Dionisii,pdionisiicq@cornell.edu,Female,251.208.133.26
460,Mayer,Mackerness,mmackernesscr@mayoclinic.com,Male,222.65.98.128
461,Elliot,LaBastida,elabastidacs@dyndns.org,Male,55.176.11.235
462,Bella,Nealy,bnealyct@cisco.com,Female,123.148.247.210
463,Louie,Larvent,llarventcu@sphinn.com,Male,23.212.221.80
464,Kev,Drinkhall,kdrinkhallcv@dropbox.com,Male,29.81.34.48
465,Aguste,Notley,anotleycw@free.fr,Male,201.148.115.167
466,Lanae,Dumbreck,ldumbreckcx@wisc.edu,Female,224.63.215.230
467,Ezra,Scudders,escudderscy@fc2.com,Male,120.175.214.123
468,Deane,Sheen,dsheencz@clickbank.net,Female,219.31.188.32
469,Grazia,Cockayne,gcockayned0@gizmodo.com,Female,91.49.42.134
470,Ethelred,Deniskevich,edeniskevichd1@360.cn,Male,164.13.4.88
471,Willy,Dowda,wdowdad2@gizmodo.com,Female,142.225.10.130
472,Dana,Roby,drobyd3@nytimes.com,Male,140.195.99.165
473,Konstantine,McKnish,kmcknishd4@qq.com,Male,32.248.251.209
474,Ally,Signoret,asignoretd5@google.it,Female,234.6.70.45
475,Kennith,Dorken,kdorkend6@irs.gov,Polygender,36.18.116.102
476,Wood,Gozzett,wgozzettd7@chicagotribune.com,Polygender,39.85.72.248
477,Jennee,Mattisssen,jmattisssend8@china.com.cn,Female,187.154.73.42
478,Sylvan,Lingfoot,slingfootd9@skype.com,Male,172.26.188.24
479,Katleen,John,kjohnda@timesonline.co.uk,Female,238.128.31.44
480,Petronia,Courtese,pcourtesedb@facebook.com,Female,141.22.58.38
481,Catriona,Bates,cbatesdc@spiegel.de,Female,215.179.184.169
482,Jose,Cranefield,jcranefielddd@deviantart.com,Male,112.121.52.0
483,Heinrick,Oakes,hoakesde@ocn.ne.jp,Male,31.47.112.18
484,Tamra,Blackburne,tblackburnedf@nyu.edu,Female,214.244.18.4
485,Cathleen,Laven,clavendg@prlog.org,Female,196.187.93.136
486,Tabatha,Brosius,tbrosiusdh@blogger.com,Female,0.73.13.243
487,Ruthann,Digman,rdigmandi@about.com,Female,0.123.32.48
488,Gusta,Seabrook,gseabrookdj@constantcontact.com,Female,230.112.6.29
489,Adair,Faiers,afaiersdk@sphinn.com,Male,216.102.236.88
490,Elizabet,O'Kinneally,eokinneallydl@dropbox.com,Female,7.95.189.30
491,Akim,Hadgraft,ahadgraftdm@123-reg.co.uk,Male,69.51.134.254
492,Merrielle,McGaughay,mmcgaughaydn@zimbio.com,Female,225.45.27.77
493,Marietta,Fowley,mfowleydo@feedburner.com,Male,47.108.83.180
494,Barrie,Imlin,bimlindp@godaddy.com,Female,74.17.55.173
495,Edlin,Noli,enolidq@xinhuanet.com,Male,185.163.118.153
496,Merry,Novotna,mnovotnadr@paypal.com,Female,157.191.187.28
497,Thatch,Itzcak,titzcakds@wsj.com,Male,59.57.237.88
498,Malchy,Wardhaugh,mwardhaughdt@globo.com,Male,163.137.50.228
499,Mab,Haskur,mhaskurdu@barnesandnoble.com,Female,212.80.23.39
500,Nerita,Spensley,nspensleydv@com.com,Female,118.46.143.149
501,Cortney,Banbrook,cbanbrookdw@photobucket.com,Female,204.194.119.167
502,Lucy,Paule,lpauledx@seesaa.net,Polygender,74.253.202.28
503,Hendrika,Curran,hcurrandy@ustream.tv,Female,81.51.106.79
504,Raye,Garrat,rgarratdz@yandex.ru,Polygender,107.88.24.160
505,Klara,Conniam,kconniame0@nbcnews.com,Female,93.172.134.26
506,Brooks,Fancutt,bfancutte1@nyu.edu,Male,16.33.235.118
507,Aimee,Gilliatt,agilliatte2@craigslist.org,Female,91.231.49.218
508,Laurie,Coppock.,lcoppocke3@weebly.com,Male,34.129.202.84
509,Muriel,Bartkowiak,mbartkowiake4@arizona.edu,Female,63.69.171.168
510,Rollin,Denniss,rdennisse5@indiegogo.com,Male,118.40.152.127
511,Dita,Thominga,dthomingae6@msn.com,Female,26.167.249.135
512,Leandra,Smelley,lsmelleye7@senate.gov,Female,236.41.55.102
513,Reid,Wainer,rwainere8@foxnews.com,Agender,189.127.156.126
514,Joeann,Yetton,jyettone9@dmoz.org,Female,137.98.108.65
515,Lorant,Hamlet,lhamletea@google.pl,Male,5.51.149.246
516,Eddie,Woolerton,ewoolertoneb@businessinsider.com,Male,175.133.93.96
517,Celinda,Urien,curienec@scientificamerican.com,Female,189.78.219.76
518,Elora,Cleyburn,ecleyburned@sfgate.com,Female,97.112.22.152
519,Wallis,Busst,wbusstee@epa.gov,Male,238.144.239.250
520,Libby,Robilart,lrobilartef@geocities.jp,Female,128.135.134.229
521,Erny,Kippins,ekippinseg@woothemes.com,Male,6.101.156.178
522,Nollie,Bingley,nbingleyeh@mail.ru,Male,29.93.128.149
523,Renaud,Randals,rrandalsei@answers.com,Agender,26.111.61.59
524,Zacherie,Channer,zchannerej@theguardian.com,Male,118.167.127.93
525,Elly,Marshfield,emarshfieldek@wikimedia.org,Female,119.148.95.251
526,Selle,Dislee,sdisleeel@vk.com,Female,65.223.162.59
527,Rinaldo,Warrier,rwarrierem@nationalgeographic.com,Male,133.173.189.32
528,Morgana,Gaw,mgawen@bandcamp.com,Female,9.183.61.48
529,Avivah,Guillain,aguillaineo@github.com,Female,59.215.180.124
530,Mort,Kordas,mkordasep@myspace.com,Male,98.200.206.212
531,Korella,Blowen,kbloweneq@hao123.com,Female,12.183.211.133
532,Nadeen,Tasch,ntascher@mit.edu,Female,235.127.247.126
533,Gaspard,Grundy,ggrundyes@springer.com,Male,252.170.14.207
534,Lanita,Battabee,lbattabeeet@un.org,Female,59.139.75.72
535,Daile,Kebell,dkebelleu@cpanel.net,Female,43.155.197.45
536,Bryce,Meaton,bmeatonev@uiuc.edu,Male,21.202.20.247
537,Baldwin,Le Gall,blegallew@liveinternet.ru,Male,250.102.70.98
538,Winna,Brumham,wbrumhamex@stanford.edu,Female,248.27.23.27
539,Ignacius,Sorby,isorbyey@mozilla.com,Male,119.230.226.125
540,Wallis,Mattheissen,wmattheissenez@wordpress.com,Female,120.90.236.19
541,Katharyn,Eteen,keteenf0@reference.com,Female,54.188.124.4
542,Heinrick,Schwant,hschwantf1@angelfire.com,Male,112.67.71.123
543,Torry,Sandercock,tsandercockf2@linkedin.com,Bigender,151.124.189.29
544,Jodie,Preddle,jpreddlef3@edublogs.org,Female,45.251.213.71
545,Belicia,Cameron,bcameronf4@dot.gov,Female,124.136.8.108
546,Anatole,Corrigan,acorriganf5@unblog.fr,Male,134.220.89.92
547,Stern,Sweetnam,ssweetnamf6@sina.com.cn,Male,132.203.139.100
548,Dave,Cristol,dcristolf7@opensource.org,Male,177.182.49.170
549,Jens,Dilon,jdilonf8@constantcontact.com,Male,150.86.195.84
550,Muhammad,Basillon,mbasillonf9@umich.edu,Male,166.37.100.166
551,Marianna,Mayo,mmayofa@1und1.de,Female,83.89.24.183
552,Alecia,Suermeier,asuermeierfb@marketwatch.com,Female,77.44.73.204
553,Carmelia,Tabor,ctaborfc@nydailynews.com,Female,76.167.113.242
554,Adela,Shearmur,ashearmurfd@indiatimes.com,Female,196.176.67.186
555,Marleen,Olivi,molivife@state.tx.us,Female,225.120.248.162
556,Emery,Gapp,egappff@instagram.com,Male,241.114.36.47
557,Judith,Bellin,jbellinfg@mail.ru,Female,11.25.65.165
558,Debera,O'Kennedy,dokennedyfh@ezinearticles.com,Female,236.1.43.107
559,Carter,Chasemoore,cchasemoorefi@mozilla.org,Male,142.93.116.217
560,Clemente,Campanelli,ccampanellifj@dion.ne.jp,Male,64.14.40.5
561,Ollie,Cagan,ocaganfk@dropbox.com,Male,253.214.28.26
562,Adriano,Shakelady,ashakeladyfl@nydailynews.com,Male,238.90.145.50
563,Isa,Mertin,imertinfm@nasa.gov,Female,112.128.32.117
564,Kayle,Thew,kthewfn@g.co,Female,71.179.147.62
565,Norry,Rousell,nrousellfo@loc.gov,Male,142.28.113.71
566,Erskine,Cornilleau,ecornilleaufp@salon.com,Male,201.30.44.182
567,Darbee,McVicar,dmcvicarfq@homestead.com,Non-binary,221.81.83.31
568,Edee,Otton,eottonfr@narod.ru,Female,159.227.71.120
569,Bobby,Diggle,bdigglefs@eepurl.com,Female,69.223.62.147
570,Hana,Losty,hlostyft@google.it,Agender,20.118.82.167
571,Winona,Doniso,wdonisofu@examiner.com,Female,45.148.39.201
572,Kory,Alleway,kallewayfv@jimdo.com,Male,75.103.170.205
573,Glyn,Abry,gabryfw@stanford.edu,Female,52.50.141.104
574,Oren,Scoon,oscoonfx@simplemachines.org,Polygender,26.201.181.149
575,Padraig,Josipovitz,pjosipovitzfy@alibaba.com,Male,92.86.7.155
576,Kaitlyn,Druett,kdruettfz@spotify.com,Female,251.203.183.15
577,Byron,Trembey,btrembeyg0@msn.com,Male,54.130.59.247
578,Farra,Kopke,fkopkeg1@shutterfly.com,Female,229.223.182.155
579,Godfry,Brissard,gbrissardg2@utexas.edu,Bigender,170.32.13.9
580,Romy,Godlip,rgodlipg3@europa.eu,Female,77.181.129.95
581,Konstance,Sirkett,ksirkettg4@geocities.jp,Female,119.117.195.67
582,Bowie,Speare,bspeareg5@utexas.edu,Male,167.25.57.20
583,Monti,Pett,mpettg6@weebly.com,Bigender,119.197.104.92
584,Merle,Jenton,mjentong7@discovery.com,Male,253.3.230.112
585,Ernestus,Wolfenden,ewolfendeng8@google.com,Agender,99.175.143.171
586,Edgar,Horley,ehorleyg9@google.ca,Male,76.91.115.19
587,Mariette,Tunbridge,mtunbridgega@booking.com,Female,59.44.32.163
588,Daisey,Overland,doverlandgb@ameblo.jp,Female,124.253.150.184
589,Hobart,Trinder,htrindergc@bizjournals.com,Male,252.27.106.249
590,Putnem,Swate,pswategd@marriott.com,Male,50.241.188.101
591,Horst,Podd,hpoddge@wp.com,Male,89.86.4.254
592,Dionysus,Jedrzejczyk,djedrzejczykgf@ask.com,Male,175.234.118.114
593,Dniren,Somerscales,dsomerscalesgg@naver.com,Female,213.21.232.61
594,Scott,Perot,sperotgh@un.org,Male,198.207.240.30
595,Karolina,Fairley,kfairleygi@mac.com,Female,88.45.66.76
596,Monty,Feifer,mfeifergj@multiply.com,Male,133.58.209.20
597,Ignacio,Keetley,ikeetleygk@seesaa.net,Male,77.26.228.115
598,Allissa,McCorley,amccorleygl@dailymail.co.uk,Female,74.234.86.118
599,Way,Lyal,wlyalgm@csmonitor.com,Male,35.75.190.87
600,Orion,Sainsbury-Brown,osainsburybrowngn@usnews.com,Male,164.51.228.219
601,Viole,Swaby,vswabygo@mtv.com,Female,1.11.46.27
602,Dani,Glanfield,dglanfieldgp@lycos.com,Male,174.219.4.71
603,Christoforo,Elfitt,celfittgq@trellian.com,Male,130.66.38.60
604,Agnes,Gormally,agormallygr@mapquest.com,Female,33.178.232.7
605,Brunhilda,Brazur,bbrazurgs@columbia.edu,Female,31.118.225.81
606,Paige,Bolver,pbolvergt@reuters.com,Agender,252.126.13.143
607,Emlynne,Neeves,eneevesgu@reuters.com,Female,178.200.170.97
608,Langston,Holt,lholtgv@shop-pro.jp,Male,245.88.150.184
609,Annora,Davenport,adavenportgw@go.com,Female,186.46.30.150
610,Pete,Shimon,pshimongx@alibaba.com,Male,66.250.40.78
611,Alessandro,Pee,apeegy@geocities.jp,Male,92.159.77.78
612,Carlye,Quan,cquangz@ask.com,Female,94.35.88.17
613,Margarette,Wass,mwassh0@apple.com,Female,156.32.242.59
614,Kaile,Blakeney,kblakeneyh1@nsw.gov.au,Female,114.132.21.16
615,Emalia,Kirwood,ekirwoodh2@home.pl,Female,28.86.106.94
616,Mira,Luttger,mluttgerh3@fema.gov,Female,19.45.150.11
617,Wilhelm,Meeron,wmeeronh4@prlog.org,Male,27.122.52.113
618,Yevette,Cussen,ycussenh5@ca.gov,Female,7.165.54.231
619,Alasteir,Nozzolii,anozzoliih6@tinypic.com,Male,173.23.160.138
620,Kial,Brayshaw,kbrayshawh7@gizmodo.com,Female,53.61.69.144
621,Nathanial,Fiennes,nfiennesh8@plala.or.jp,Male,39.46.4.8
622,Mitchael,Whittek,mwhittekh9@usa.gov,Male,64.21.173.43
623,Katusha,Alcoran,kalcoranha@skyrock.com,Female,91.38.0.62
624,Tawnya,Sommerly,tsommerlyhb@oakley.com,Female,84.110.68.177
625,Shalom,Vedmore,svedmorehc@nasa.gov,Male,52.3.163.134
626,Allissa,Pigram,apigramhd@dedecms.com,Female,226.158.98.71
627,Jake,Blincow,jblincowhe@typepad.com,Male,188.246.41.37
628,Josi,Walas,jwalashf@time.com,Female,191.209.177.190
629,Emile,Hitzmann,ehitzmannhg@friendfeed.com,Male,188.166.80.253
630,Kennett,Pozzi,kpozzihh@hostgator.com,Male,195.92.245.129
631,Kali,Topping,ktoppinghi@uiuc.edu,Female,186.134.18.83
632,Judith,MacAlpine,jmacalpinehj@t.co,Female,2.253.142.112
633,Iggy,Prattington,iprattingtonhk@icq.com,Male,28.211.201.17
634,Glenda,Elfes,gelfeshl@soup.io,Female,136.244.218.76
635,Clint,Orrill,corrillhm@miitbeian.gov.cn,Male,190.197.37.85
636,Mariquilla,Garriock,mgarriockhn@odnoklassniki.ru,Female,1.252.170.106
637,Renato,Antognazzi,rantognazziho@tamu.edu,Male,191.155.27.8
638,Bail,Scriven,bscrivenhp@prweb.com,Male,129.172.196.182
639,Amelia,Yuryshev,ayuryshevhq@soup.io,Female,76.0.205.196
640,Chaim,Kunzler,ckunzlerhr@ow.ly,Male,94.206.230.194
641,Anthiathia,Iannelli,aiannellihs@wordpress.com,Genderfluid,11.17.34.13
642,Luisa,Trymme,ltrymmeht@istockphoto.com,Female,217.76.22.228
643,Mindy,Halesworth,mhalesworthhu@elegantthemes.com,Female,212.172.100.78
644,Anette,Venditto,avendittohv@miitbeian.gov.cn,Female,213.119.217.236
645,Valina,Balsillie,vbalsilliehw@360.cn,Female,178.92.39.2
646,Winonah,Sanja,wsanjahx@histats.com,Female,251.138.108.159
647,Raymund,Mattecot,rmattecothy@opera.com,Male,228.100.160.229
648,Bernelle,Churcher,bchurcherhz@networkadvertising.org,Bigender,100.241.1.172
649,Orv,Lanfear,olanfeari0@hatena.ne.jp,Male,242.139.53.125
650,Angel,Nathan,anathani1@npr.org,Male,198.185.18.134
651,Morena,Polendine,mpolendinei2@edublogs.org,Female,234.125.124.172
652,Roy,Malcolmson,rmalcolmsoni3@wikipedia.org,Male,0.97.71.173
653,Shaw,Szantho,sszanthoi4@sciencedaily.com,Male,42.1.187.248
654,Forest,Elleyne,felleynei5@mit.edu,Male,231.206.85.83
655,Petronilla,Northey,pnortheyi6@nasa.gov,Female,241.114.222.75
656,Hayward,Menure,hmenurei7@blog.com,Male,237.9.231.178
657,Marget,Southall,msouthalli8@histats.com,Female,248.17.50.55
658,Rycca,Ardy,rardyi9@ycombinator.com,Female,6.71.60.55
659,Vinny,Tingly,vtinglyia@meetup.com,Female,192.163.164.96
660,Trefor,Shannahan,tshannahanib@ycombinator.com,Male,75.201.99.132
661,Gerome,Cantillion,gcantillionic@omniture.com,Male,125.215.13.232
662,Antonina,Marlon,amarlonid@nps.gov,Female,30.243.117.106
663,Jennie,Gleave,jgleaveie@csmonitor.com,Female,224.89.17.123
664,Bogart,Hinstock,bhinstockif@weibo.com,Male,240.81.166.68
665,Herold,Carnalan,hcarnalanig@wired.com,Male,211.72.214.53
666,Darci,Queyeiro,dqueyeiroih@wix.com,Female,59.166.31.64
667,Kathleen,Renyard,krenyardii@admin.ch,Agender,51.116.108.251
668,Wildon,Dart,wdartij@ca.gov,Male,234.249.128.32
669,Porty,Gwinnett,pgwinnettik@mapquest.com,Male,230.170.18.141
670,Cami,Abramzon,cabramzonil@mozilla.org,Female,122.18.210.194
671,Heinrick,Wallice,hwalliceim@hp.com,Male,207.139.99.113
672,Kendell,Rubertelli,krubertelliin@reddit.com,Male,148.87.239.198
673,Viva,Dudlestone,vdudlestoneio@intel.com,Female,220.235.118.95
674,Scottie,Lyness,slynessip@mit.edu,Male,207.137.234.238
675,Hermione,Debrett,hdebrettiq@printfriendly.com,Female,85.181.182.34
676,Nadean,Daid,ndaidir@imgur.com,Agender,149.179.25.175
677,Kelly,Iacovo,kiacovois@nasa.gov,Genderqueer,199.207.132.153
678,Aldric,Rubinlicht,arubinlichtit@harvard.edu,Male,15.128.32.235
679,Ruddy,Sedgeman,rsedgemaniu@t.co,Male,106.214.4.19
680,Yance,Maletratt,ymaletrattiv@google.cn,Male,84.89.137.2
681,Clemence,Sivior,csivioriw@latimes.com,Female,10.154.35.100
682,Deloris,Logsdale,dlogsdaleix@sbwire.com,Female,252.184.155.131
683,Janene,Burden,jburdeniy@gnu.org,Female,110.189.42.209
684,Norrie,Gentreau,ngentreauiz@fc2.com,Male,75.6.209.170
685,Gallard,Smyley,gsmyleyj0@imdb.com,Male,190.136.204.157
686,Birk,Ulrik,bulrikj1@imdb.com,Male,171.152.78.130
687,Anders,Simecek,asimecekj2@pagesperso-orange.fr,Male,144.124.83.117
688,Jasen,Zarfai,jzarfaij3@nytimes.com,Male,2.88.238.216
689,Myer,Hulmes,mhulmesj4@mail.ru,Male,35.19.3.121
690,Amos,Guswell,aguswellj5@wikipedia.org,Male,133.255.77.98
691,Loralyn,Balassa,lbalassaj6@geocities.com,Female,126.51.38.214
692,Linnie,Andreev,landreevj7@omniture.com,Bigender,102.23.213.49
693,Marcela,Ramlot,mramlotj8@opera.com,Female,119.138.56.145
694,Shoshanna,Keough,skeoughj9@vkontakte.ru,Female,210.135.99.41
695,Denni,Dugdale,ddugdaleja@columbia.edu,Female,13.209.199.186
696,Nikkie,By,nbyjb@yale.edu,Female,175.63.18.18
697,Regan,Iannini,rianninijc@tiny.cc,Female,195.79.97.227
698,Netta,Theyer,ntheyerjd@squarespace.com,Female,242.156.229.107
699,Jacquie,d'Escoffier,jdescoffierje@freewebs.com,Female,124.112.163.19
700,Candi,Shanahan,cshanahanjf@google.nl,Female,176.35.223.194
701,Juli,Wards,jwardsjg@w3.org,Female,162.36.241.65
702,Leandra,Hymor,lhymorjh@bizjournals.com,Female,115.255.209.137
703,Arlan,Sabbin,asabbinji@google.com.br,Male,92.3.123.144
704,Antonin,Nottingham,anottinghamjj@fema.gov,Male,196.106.211.59
705,Nestor,Astill,nastilljk@amazon.co.jp,Male,139.246.64.27
706,Antonio,Figge,afiggejl@smugmug.com,Male,103.117.250.102
707,Kennedy,Akhurst,kakhurstjm@taobao.com,Male,48.86.191.249
708,Graehme,Ditter,gditterjn@upenn.edu,Male,246.25.111.190
709,Garrot,Dunklee,gdunkleejo@nba.com,Male,103.112.89.217
710,Byron,Tomczykowski,btomczykowskijp@wikia.com,Male,23.102.25.212
711,Almira,Kordas,akordasjq@wikimedia.org,Female,108.46.30.70
712,Yasmeen,Klaggeman,yklaggemanjr@bigcartel.com,Female,213.187.170.240
713,Damita,Klement,dklementjs@ox.ac.uk,Female,55.127.215.220
714,Yevette,Wedmore,ywedmorejt@squidoo.com,Female,139.239.154.162
715,Jeni,Muffen,jmuffenju@netvibes.com,Female,0.124.242.207
716,Charissa,Stairmand,cstairmandjv@skyrock.com,Female,213.36.218.60
717,Rudiger,Bottleson,rbottlesonjw@cnn.com,Male,118.78.132.27
718,Jeddy,Tames,jtamesjx@sina.com.cn,Male,9.25.205.123
719,Chrissy,Stiant,cstiantjy@jimdo.com,Male,22.127.195.73
720,Georgeta,Hesse,ghessejz@reddit.com,Female,250.105.253.113
721,Muffin,Scipsey,mscipseyk0@cbslocal.com,Female,72.10.190.195
722,Karlyn,Pain,kpaink1@nydailynews.com,Agender,87.227.184.90
723,Hugo,Drayton,hdraytonk2@europa.eu,Male,150.226.47.157
724,Rice,McAlroy,rmcalroyk3@independent.co.uk,Male,172.34.200.182
725,Pepi,Stott,pstottk4@ed.gov,Female,120.109.124.168
726,Danica,Deegin,ddeegink5@nhs.uk,Female,47.204.14.207
727,Vivia,Bidgood,vbidgoodk6@cnn.com,Female,65.143.151.134
728,Del,Cosh,dcoshk7@com.com,Male,188.193.85.140
729,Marion,Ciccetti,mciccettik8@tripadvisor.com,Female,73.228.6.214
730,Gualterio,MacLleese,gmaclleesek9@sbwire.com,Male,124.79.84.6
731,Jackqueline,Harvett,jharvettka@ft.com,Female,190.203.161.70
732,Arleyne,Abells,aabellskb@ow.ly,Female,225.142.143.238
733,Bent,Baltzar,bbaltzarkc@weather.com,Male,192.51.88.231
734,Val,Taplin,vtaplinkd@toplist.cz,Female,227.220.228.255
735,Xylia,Cree,xcreeke@cocolog-nifty.com,Female,151.33.101.50
736,Jarrid,Parkman,jparkmankf@tinyurl.com,Male,34.123.197.136
737,Cammy,Goman,cgomankg@taobao.com,Male,235.250.233.124
738,Abel,O'Growgane,aogrowganekh@oracle.com,Male,31.37.105.35
739,Michelle,Talbot,mtalbotki@technorati.com,Female,102.177.70.195
740,Christie,Slarke,cslarkekj@skyrock.com,Male,227.226.113.53
741,Zitella,McCague,zmccaguekk@yellowpages.com,Female,29.77.42.107
742,Shell,Bursnell,sbursnellkl@google.it,Male,22.17.242.242
743,Gwen,Diament,gdiamentkm@salon.com,Female,9.64.34.247
744,Dallas,Marzelli,dmarzellikn@sitemeter.com,Male,227.170.178.5
745,Tova,Wiley,twileyko@woothemes.com,Female,134.39.67.85
746,Hernando,Waltering,hwalteringkp@clickbank.net,Male,44.70.200.183
747,Briggs,Thon,bthonkq@ca.gov,Male,25.249.40.192
748,Gwenore,Pimlott,gpimlottkr@360.cn,Female,206.123.149.159
749,Murdoch,Godball,mgodballks@yahoo.co.jp,Male,161.247.167.147
750,Kippar,Adamik,kadamikkt@answers.com,Male,104.68.121.212
751,Lina,Nicholl,lnichollku@cpanel.net,Female,69.7.67.4
752,Dara,Weavill,dweavillkv@huffingtonpost.com,Female,97.98.111.219
753,Carrol,Desquesnes,cdesquesneskw@angelfire.com,Male,87.170.79.83
754,Way,Sirl,wsirlkx@hhs.gov,Male,163.110.90.121
755,Dody,Pock,dpockky@slideshare.net,Female,15.175.42.12
756,Link,Hacker,lhackerkz@ustream.tv,Male,142.187.7.219
757,Vassily,Bollins,vbollinsl0@elegantthemes.com,Male,143.122.158.131
758,Alonzo,Ferrettino,aferrettinol1@reference.com,Male,53.87.27.248
759,Zaria,Karran,zkarranl2@yahoo.com,Female,55.236.197.10
760,Gerrilee,Tongs,gtongsl3@51.la,Female,22.39.31.230
761,Zaneta,Deekes,zdeekesl4@weather.com,Female,106.226.239.182
762,Engelbert,Nock,enockl5@flavors.me,Polygender,67.201.108.194
763,Barnaby,Letch,bletchl6@unc.edu,Male,254.203.190.216
764,Gerek,Durek,gdurekl7@pen.io,Male,57.254.232.223
765,Perla,Ketley,pketleyl8@blogs.com,Genderfluid,82.48.102.187
766,Elisabet,Gettens,egettensl9@jugem.jp,Female,219.5.16.5
767,Leonidas,Grinikhinov,lgrinikhinovla@aol.com,Male,60.40.46.162
768,Genni,Ferrari,gferrarilb@linkedin.com,Female,113.192.83.95
769,Antonietta,Gretton,agrettonlc@blogs.com,Female,4.234.38.255
770,Krystyna,Saterweyte,ksaterweyteld@bloglovin.com,Genderqueer,2.97.238.162
771,Alfreda,Ferie,aferiele@bizjournals.com,Female,221.181.88.253
772,Janek,Bunworth,jbunworthlf@mapy.cz,Male,129.13.218.94
773,Cassie,Geleman,cgelemanlg@tinyurl.com,Female,119.98.34.94
774,Aurore,Graser,agraserlh@tinyurl.com,Polygender,44.80.173.119
775,Lila,Heffer,lhefferli@netvibes.com,Female,37.128.233.117
776,Rene,McGahy,rmcgahylj@phpbb.com,Female,160.155.27.209
777,Charmane,Sanchiz,csanchizlk@bandcamp.com,Female,175.163.170.230
778,Odessa,Pettigree,opettigreell@lycos.com,Female,233.251.93.192
779,Selina,Ilyasov,silyasovlm@slideshare.net,Female,158.229.135.251
780,Brandon,Scollan,bscollanln@cam.ac.uk,Male,66.201.112.149
781,Domenico,De Lorenzo,ddelorenzolo@va.gov,Male,82.73.245.195
782,Kaiser,Petrolli,kpetrollilp@timesonline.co.uk,Genderqueer,105.137.202.9
783,Randal,Towson,rtowsonlq@multiply.com,Male,226.78.188.152
784,Dorena,Polland,dpollandlr@salon.com,Female,98.24.215.122
785,Ariadne,Dumphy,adumphyls@ustream.tv,Female,1.223.4.127
786,Adelbert,Connor,aconnorlt@reverbnation.com,Agender,117.163.75.98
787,Lorne,McWhan,lmcwhanlu@wordpress.com,Male,167.203.36.164
788,Benoit,Le Marchant,blemarchantlv@jigsy.com,Male,63.232.70.60
789,Ursula,Santhouse,usanthouselw@home.pl,Female,30.203.113.54
790,Kelsy,Matijevic,kmatijeviclx@wix.com,Female,144.19.201.26
791,Dorelle,Peck,dpeckly@skype.com,Female,203.169.18.76
792,Adriena,Crole,acrolelz@feedburner.com,Female,237.18.27.172
793,Marcile,MacNeilley,mmacneilleym0@technorati.com,Female,64.59.75.187
794,Benedetto,MacMaykin,bmacmaykinm1@shop-pro.jp,Male,234.3.165.44
795,Wit,Shadrach,wshadrachm2@plala.or.jp,Male,227.179.109.164
796,Dulcy,Alvey,dalveym3@bloglovin.com,Female,153.179.16.32
797,Lorry,Kindon,lkindonm4@indiatimes.com,Male,171.113.141.83
798,Dudley,Burge,dburgem5@google.ca,Male,106.140.210.242
799,Mitchael,Callar,mcallarm6@redcross.org,Male,131.190.87.47
800,Pauly,Jovovic,pjovovicm7@comcast.net,Female,194.20.127.194
801,Cherri,Osman,cosmanm8@cocolog-nifty.com,Female,84.20.8.185
802,Fifine,Pincked,fpinckedm9@un.org,Female,63.225.118.25
803,Malvin,Sinyard,msinyardma@theatlantic.com,Male,150.23.164.73
804,Jervis,Drever,jdrevermb@twitpic.com,Male,213.88.158.137
805,Linnea,Hambribe,lhambribemc@webmd.com,Female,196.7.11.158
806,Andres,Morphey,amorpheymd@dailymotion.com,Male,172.35.19.27
807,Shell,Casperri,scasperrime@nydailynews.com,Male,166.0.75.156
808,Damaris,Studde,dstuddemf@washingtonpost.com,Female,160.141.28.84
809,Stanford,Sutch,ssutchmg@techcrunch.com,Male,174.66.217.248
810,Waiter,Bennett,wbennettmh@bbc.co.uk,Male,1.248.230.149
811,Mar,Hachard,mhachardmi@wikispaces.com,Male,107.138.146.87
812,Maitilde,Rushmare,mrushmaremj@google.com.br,Female,205.81.15.1
813,Harriet,Dormon,hdormonmk@elpais.com,Female,59.130.130.108
814,Andre,Ivchenko,aivchenkoml@spiegel.de,Male,64.15.96.150
815,Timmie,Row,trowmm@lycos.com,Male,54.208.149.152
816,Roderic,Delacour,rdelacourmn@patch.com,Genderqueer,151.96.18.207
817,Shane,Scaplehorn,sscaplehornmo@loc.gov,Genderfluid,131.214.249.196
818,Puff,Goffe,pgoffemp@prnewswire.com,Male,154.48.1.76
819,Hi,Smethurst,hsmethurstmq@lycos.com,Male,250.108.191.21
820,Angel,Shackel,ashackelmr@squidoo.com,Female,4.134.79.114
821,Daren,Leagas,dleagasms@reverbnation.com,Male,211.161.86.181
822,Jonathon,Pegden,jpegdenmt@earthlink.net,Male,214.39.83.179
823,Ardine,Pierucci,apieruccimu@timesonline.co.uk,Female,121.237.13.57
824,Bradley,Goldbourn,bgoldbournmv@google.co.jp,Male,25.80.58.55
825,Trudi,Melbourn,tmelbournmw@blogspot.com,Female,6.65.194.190
826,Stephie,Leither,sleithermx@dailymotion.com,Female,120.32.160.206
827,Pippo,McElvogue,pmcelvoguemy@pbs.org,Male,222.142.77.200
828,Tamarra,O'Mailey,tomaileymz@oakley.com,Female,195.80.77.217
829,Fifine,Dibdall,fdibdalln0@meetup.com,Female,137.206.98.29
830,Care,Cutmare,ccutmaren1@accuweather.com,Male,167.184.49.42
831,Gareth,Kyston,gkystonn2@slideshare.net,Genderfluid,20.42.110.21
832,Harland,Pachmann,hpachmannn3@cisco.com,Male,127.179.31.185
833,Sallyanne,Smedmore,ssmedmoren4@wp.com,Female,96.98.78.170
834,Shelbi,Newis,snewisn5@time.com,Female,112.162.24.73
835,Saunder,Dessaur,sdessaurn6@nature.com,Male,158.166.98.127
836,Den,O'Nions,donionsn7@devhub.com,Male,135.117.112.110
837,Stacie,Lawland,slawlandn8@npr.org,Female,36.235.48.241
838,Tab,Hughson,thughsonn9@illinois.edu,Male,243.81.71.223
839,Gisella,Lanceley,glanceleyna@bizjournals.com,Female,179.224.140.187
840,Tamiko,Charon,tcharonnb@epa.gov,Female,229.108.248.30
841,Georgena,McManamon,gmcmanamonnc@blogspot.com,Non-binary,165.179.45.228
842,Bryce,Cudmore,bcudmorend@constantcontact.com,Male,173.204.64.121
843,Dana,Trounson,dtrounsonne@nasa.gov,Female,83.186.190.0
844,Madelina,Benneton,mbennetonnf@shareasale.com,Female,206.43.36.73
845,Base,Thick,bthickng@desdev.cn,Male,192.146.250.203
846,Mallissa,McGinnell,mmcginnellnh@deviantart.com,Female,40.126.189.142
847,Laryssa,Devons,ldevonsni@alexa.com,Genderqueer,222.52.60.173
848,Roland,Cargo,rcargonj@cyberchimps.com,Male,245.101.225.31
849,Bobbie,Tuffs,btuffsnk@google.ru,Female,189.165.198.148
850,Spence,Bixley,sbixleynl@cbsnews.com,Male,36.33.47.117
851,Doris,Cuer,dcuernm@usa.gov,Female,112.226.147.56
852,Moishe,Snugg,msnuggnn@spiegel.de,Male,103.177.74.149
853,Rem,Standbrook,rstandbrookno@discuz.net,Male,185.230.111.46
854,Dom,Stollhofer,dstollhofernp@usda.gov,Male,90.125.93.173
855,Stanly,Tye,styenq@simplemachines.org,Male,198.157.99.168
856,Saunderson,McKirdy,smckirdynr@woothemes.com,Male,149.87.183.140
857,Ruperta,Motte,rmottens@tuttocitta.it,Female,147.5.65.27
858,Jorrie,Fransewich,jfransewichnt@jimdo.com,Female,190.209.214.199
859,Hyatt,Dewire,hdewirenu@yellowpages.com,Male,198.210.193.137
860,Wald,Paddell,wpaddellnv@admin.ch,Male,166.233.79.54
861,Bellanca,Stuck,bstucknw@upenn.edu,Female,153.101.114.240
862,Morie,Kitchingman,mkitchingmannx@shinystat.com,Male,186.10.170.127
863,Susan,Urpeth,surpethny@sohu.com,Genderfluid,159.206.90.183
864,Ami,Pinkie,apinkienz@paginegialle.it,Female,84.97.174.46
865,Lurlene,Shubotham,lshubothamo0@sbwire.com,Female,236.154.18.203
866,Anthony,Heining,aheiningo1@simplemachines.org,Male,150.116.222.52
867,Dodie,Myerscough,dmyerscougho2@google.fr,Female,129.223.202.136
868,Tammy,Gallaway,tgallawayo3@wikipedia.org,Male,28.142.178.68
869,Alejoa,Dreschler,adreschlero4@vistaprint.com,Male,35.44.172.116
870,Charissa,Veivers,cveiverso5@tripadvisor.com,Polygender,225.228.193.180
871,Audra,Gurdon,agurdono6@example.com,Female,184.186.149.76
872,Hope,Boakes,hboakeso7@phoca.cz,Female,222.154.38.18
873,Virgie,Carwardine,vcarwardineo8@constantcontact.com,Female,94.59.31.245
874,Pearline,Lankester,plankestero9@xing.com,Female,22.26.198.200
875,Patrizia,Pottage,ppottageoa@nymag.com,Female,8.89.219.239
876,Delphinia,Loughton,dloughtonob@ycombinator.com,Female,249.130.93.33
877,Murial,Kleinmintz,mkleinmintzoc@360.cn,Female,174.89.246.186
878,Aura,Padbury,apadburyod@engadget.com,Female,4.142.4.225
879,Luise,Rait,lraitoe@pagesperso-orange.fr,Female,42.53.164.165
880,Shirlee,Boutwell,sboutwellof@nps.gov,Female,101.4.69.112
881,Kasper,Orwell,korwellog@businessinsider.com,Male,218.52.242.118
882,Derrick,Warstall,dwarstalloh@toplist.cz,Male,179.212.246.116
883,Evin,Langstone,elangstoneoi@a8.net,Male,234.5.186.249
884,Ash,Shard,ashardoj@jalbum.net,Male,74.135.162.242
885,Waldemar,Collelton,wcolleltonok@meetup.com,Genderqueer,148.120.27.60
886,Deeanne,Chetwynd,dchetwyndol@pen.io,Bigender,220.150.103.147
887,Riki,Riba,rribaom@webnode.com,Female,70.126.137.195
888,Augustine,Whellans,awhellanson@wikispaces.com,Male,241.204.247.235
889,Ketti,Kettel,kketteloo@w3.org,Female,35.117.207.146
890,Georgianna,Demoge,gdemogeop@slashdot.org,Female,88.103.46.147
891,Chrissy,Milson,cmilsonoq@google.co.uk,Male,181.67.85.128
892,Ashton,Schaffler,aschaffleror@huffingtonpost.com,Male,227.164.246.201
893,Stanislas,Astill,sastillos@fastcompany.com,Male,53.246.86.175
894,Rockie,Chilver,rchilverot@intel.com,Male,14.23.142.192
895,Pauli,Bruniges,pbrunigesou@smh.com.au,Female,78.66.71.114
896,Wally,Sate,wsateov@nba.com,Female,228.26.63.250
897,Gerardo,Gerhardt,ggerhardtow@tripod.com,Male,23.226.212.191
898,Neal,Scarce,nscarceox@weebly.com,Genderfluid,183.25.183.136
899,Lisa,Armatys,larmatysoy@jugem.jp,Polygender,148.162.148.34
900,Arlin,Lechelle,alechelleoz@wired.com,Male,35.193.242.255
901,Ilario,Amey,iameyp0@webeden.co.uk,Male,120.79.42.182
902,Hort,Bezant,hbezantp1@google.pl,Male,93.187.185.252
903,Saundra,Vorley,svorleyp2@gravatar.com,Female,190.44.255.212
904,Siegfried,Guerreru,sguerrerup3@apache.org,Male,156.6.183.224
905,Emylee,Wait,ewaitp4@cnet.com,Female,189.34.143.210
906,Gay,Lilburne,glilburnep5@cargocollective.com,Female,66.31.22.210
907,Etheline,Athersmith,eathersmithp6@ucsd.edu,Female,235.233.234.175
908,Gregory,Daniely,gdanielyp7@jalbum.net,Male,171.111.125.14
909,Olivier,Jozwik,ojozwikp8@ca.gov,Male,49.36.238.88
910,Sonny,Kolak,skolakp9@msu.edu,Genderqueer,16.103.76.24
911,Barr,Mechi,bmechipa@aboutads.info,Male,97.156.161.117
912,Hilly,Dorr,hdorrpb@altervista.org,Male,239.0.117.180
913,Abbie,Crake,acrakepc@apple.com,Male,137.133.227.103
914,Wendeline,Worboy,wworboypd@dedecms.com,Female,148.14.19.63
915,Ricki,Hubeaux,rhubeauxpe@dailymail.co.uk,Genderfluid,79.76.73.232
916,Viviana,Yakutin,vyakutinpf@cpanel.net,Female,116.122.189.45
917,Brion,Gilstoun,bgilstounpg@hubpages.com,Male,106.72.170.239
918,Almire,Matschek,amatschekph@uiuc.edu,Female,152.87.60.107
919,Lou,Mineghelli,lmineghellipi@dell.com,Female,54.10.112.10
920,Hestia,Magog,hmagogpj@cornell.edu,Genderqueer,244.96.38.11
921,Rod,Kiellor,rkiellorpk@twitpic.com,Male,92.225.208.201
922,Walden,Clyne,wclynepl@amazon.co.jp,Male,144.183.177.248
923,Lorens,Game,lgamepm@theglobeandmail.com,Male,60.149.170.98
924,Elene,Ternott,eternottpn@plala.or.jp,Female,26.58.212.70
925,Lambert,Bollans,lbollanspo@gnu.org,Male,230.79.54.52
926,Jody,Treker,jtrekerpp@altervista.org,Male,42.119.253.17
927,Howie,Archanbault,harchanbaultpq@hatena.ne.jp,Male,27.50.192.111
928,Biddie,Piddocke,bpiddockepr@mail.ru,Female,225.83.129.71
929,Briny,McNamara,bmcnamaraps@livejournal.com,Female,186.252.151.63
930,Nancee,Shoebottom,nshoebottompt@seattletimes.com,Female,234.213.145.43
931,Karoly,Jelks,kjelkspu@marketwatch.com,Male,80.48.93.207
932,Nicholas,Steptowe,nsteptowepv@comsenz.com,Male,11.53.59.19
933,Pia,Shervington,pshervingtonpw@hubpages.com,Genderfluid,101.241.19.98
934,Bruis,Cranstoun,bcranstounpx@unc.edu,Male,85.215.201.89
935,Ester,Fairham,efairhampy@ezinearticles.com,Genderqueer,117.228.46.79
936,Birch,Eles,belespz@census.gov,Male,116.92.27.247
937,Clementine,Stainer,cstainerq0@mit.edu,Female,95.122.129.12
938,Oswell,Aveson,oavesonq1@liveinternet.ru,Male,165.237.42.243
939,Yorgo,Pillman,ypillmanq2@facebook.com,Male,11.206.154.111
940,Gamaliel,Gwilliam,ggwilliamq3@domainmarket.com,Male,108.72.183.187
941,Camille,Ferroni,cferroniq4@nbcnews.com,Bigender,165.245.187.201
942,Irving,Catanheira,icatanheiraq5@merriam-webster.com,Male,227.11.84.33
943,Erskine,Maytom,emaytomq6@npr.org,Male,252.169.97.32
944,Brock,Sallier,bsallierq7@scribd.com,Male,168.139.131.21
945,Carolan,Layburn,clayburnq8@ocn.ne.jp,Female,95.227.172.42
946,Rab,Carnock,rcarnockq9@hibu.com,Male,216.151.28.228
947,Lulita,Cowey,lcoweyqa@pinterest.com,Female,142.172.77.46
948,Agustin,Coll,acollqb@earthlink.net,Male,221.116.193.25
949,Kit,Nickoll,knickollqc@oakley.com,Male,139.128.185.189
950,Harry,Kingzet,hkingzetqd@hao123.com,Male,247.0.166.162
951,Mitzi,Esparza,mesparzaqe@abc.net.au,Female,86.228.140.107
952,Leela,Leyre,lleyreqf@un.org,Genderqueer,227.110.91.146
953,Aurie,Cornall,acornallqg@economist.com,Female,70.53.217.162
954,Lauren,Ellington,lellingtonqh@gravatar.com,Male,195.50.100.94
955,Lorrin,Nicholes,lnicholesqi@zimbio.com,Female,10.65.101.65
956,Burt,Prendeville,bprendevilleqj@mayoclinic.com,Male,5.105.229.106
957,Gaylor,Goldfinch,ggoldfinchqk@opensource.org,Polygender,46.126.69.246
958,Ikey,Duffie,iduffieql@sina.com.cn,Male,47.140.135.207
959,Ezequiel,Espinoy,eespinoyqm@flavors.me,Male,155.214.37.0
960,Victoir,Presdee,vpresdeeqn@sina.com.cn,Genderfluid,43.177.83.83
961,Gaby,Easby,geasbyqo@parallels.com,Female,219.99.50.25
962,Jo-anne,Mountjoy,jmountjoyqp@businessweek.com,Genderfluid,119.128.242.20
963,Gawain,Drinkall,gdrinkallqq@hexun.com,Male,33.29.99.102
964,Thedrick,Howis,thowisqr@hc360.com,Male,147.107.34.128
965,Helli,Scouller,hscoullerqs@biblegateway.com,Female,17.6.74.207
966,Britt,Bolger,bbolgerqt@microsoft.com,Male,158.67.61.147
967,Dorree,Corrie,dcorriequ@nasa.gov,Female,176.229.132.48
968,Mandie,Bartels-Ellis,mbartelsellisqv@irs.gov,Female,193.241.118.193
969,Nikolaus,Leadbetter,nleadbetterqw@multiply.com,Male,182.50.249.184
970,Adele,Corstorphine,acorstorphineqx@instagram.com,Female,35.234.143.17
971,Lana,Lisett,llisettqy@pcworld.com,Female,219.14.16.188
972,Madel,Horsley,mhorsleyqz@mediafire.com,Female,60.13.167.225
973,Ingelbert,Tudgay,itudgayr0@liveinternet.ru,Male,161.162.27.142
974,Nikolaos,Mulcaster,nmulcasterr1@4shared.com,Male,174.182.55.134
975,Keefe,Ralls,krallsr2@samsung.com,Male,233.195.248.30
976,Thom,Habbes,thabbesr3@mysql.com,Male,250.101.180.59
977,Warde,Tenney,wtenneyr4@rakuten.co.jp,Male,120.67.142.63
978,Claudell,Kellough,ckelloughr5@hexun.com,Male,122.232.152.60
979,Clemens,Szapiro,cszapiror6@ehow.com,Male,218.26.76.173
980,Sibyl,Matussevich,smatussevichr7@walmart.com,Female,126.68.238.36
981,Gene,Ledgley,gledgleyr8@nymag.com,Bigender,137.217.240.232
982,Dora,Qualtrough,dqualtroughr9@noaa.gov,Agender,231.184.156.247
983,Gaultiero,Lathee,glatheera@twitpic.com,Male,176.167.128.109
984,Krishna,Clow,kclowrb@google.com.au,Male,185.176.236.82
985,Barrett,Cecchetelli,bcecchetellirc@si.edu,Male,228.231.23.100
986,Lenard,Hurley,lhurleyrd@yolasite.com,Male,203.99.115.128
987,Melita,Brusin,mbrusinre@scribd.com,Female,127.210.152.4
988,Giacobo,Broadbridge,gbroadbridgerf@dedecms.com,Male,57.59.51.64
989,Bale,Syder,bsyderrg@csmonitor.com,Male,84.117.126.69
990,Angelica,Daine,adainerh@feedburner.com,Female,102.172.114.153
991,Dannel,Cowdray,dcowdrayri@house.gov,Male,187.28.26.16
992,Adrien,Niblett,aniblettrj@cdc.gov,Male,8.55.31.147
993,Vladamir,Josovitz,vjosovitzrk@marketwatch.com,Male,153.34.98.181
994,Winfield,Normansell,wnormansellrl@nydailynews.com,Male,47.70.166.255
995,Alayne,Wixey,awixeyrm@economist.com,Female,167.81.75.23
996,Carson,Inkpen,cinkpenrn@hubpages.com,Male,95.159.158.124
997,Berte,Ervin,bervinro@fotki.com,Female,77.49.231.173
998,Catarina,Noton,cnotonrp@dot.gov,Female,120.120.245.252
999,Di,Mewrcik,dmewrcikrq@lycos.com,Female,106.96.94.94
1000,Tannie,Drinkale,tdrinkalerr@telegraph.co.uk,Male,131.131.160.63
